
INSERT INTO ITEMS VALUES (1,'Milka', 10.55);
INSERT INTO ITEMS VALUES (2,'Alpen Gold', 11.55);
INSERT INTO ITEMS VALUES (3,'Rafaello', 12.55);
INSERT INTO ITEMS VALUES (4,'Magnetic', 110.55);
INSERT INTO ITEMS VALUES (5,'Celtron', 14.05);
INSERT INTO ITEMS VALUES (6,'Ferrero', 12.00);
INSERT INTO ITEMS VALUES (7,'Orion', 10.09);
INSERT INTO ITEMS VALUES (8,'Wedel', 10.08);
INSERT INTO ITEMS VALUES (9,'Riller', 11.00);
INSERT INTO ITEMS VALUES (10,'Carmel', 16.55);
INSERT INTO ITEMS VALUES (11,'Lindt', 10.55);


INSERT INTO ACCOUNTS ("ID", "EMAIL", "PASSWORD", "ROLE","CREATED" ) VALUES (1,'kasia.urbanska@gmail.com', 'password', 'ADMIN' ,'1972-11-03T00:00' );
INSERT INTO ACCOUNTS ("ID","EMAIL", "PASSWORD", "ROLE", "CREATED" ) VALUES (2,'Allegro@gmail.com', 'allegro', 'USER', '1972-11-03T00:00');
INSERT INTO ACCOUNTS ("ID","EMAIL", "PASSWORD", "ROLE", "CREATED" ) VALUES (3,'Anonymous@gmail.com', 'unknown', 'USER', '1972-11-03T00:00');

INSERT INTO STOCK ("QUANTITY", "ITEM_ID") VALUES (6, 1);
INSERT INTO STOCK ("QUANTITY", "ITEM_ID") VALUES (77, 2);
INSERT INTO STOCK ("QUANTITY", "ITEM_ID") VALUES (45, 3);
INSERT INTO STOCK ("QUANTITY", "ITEM_ID") VALUES (6, 4);
INSERT INTO STOCK ("QUANTITY", "ITEM_ID") VALUES (67, 5);
INSERT INTO STOCK ("QUANTITY", "ITEM_ID") VALUES (8, 6);
INSERT INTO STOCK ("QUANTITY", "ITEM_ID") VALUES (9, 7);
INSERT INTO STOCK ("QUANTITY", "ITEM_ID") VALUES (4, 8);
INSERT INTO STOCK ("QUANTITY", "ITEM_ID") VALUES (78, 9);
INSERT INTO STOCK ("QUANTITY", "ITEM_ID") VALUES ( 4, 10);
INSERT INTO STOCK ("QUANTITY", "ITEM_ID") VALUES ( 100, 11);


